<?xml version="1.0" encoding="UTF-8"?>
<?xml-stylesheet type="text/xsl" href="helma.xsl"?>
<xmlroot xmlns:hop="http://www.helma.org/docs/guide/features/database">
  <hopobject id="t8560179" name="HopObject" prototype="HopObject" created="1551371713709" lastModified="1551371713710">
    <exporter>NeonWilderness</exporter>
    <creator>NeonWilderness</creator>
    <fullexport type="boolean">false</fullexport>
    <alias>alien</alias>
    <preferences id="t8560180" name="preferences" prototype="HopObject" created="1551371713709" lastModified="1551371713710">
    <hop:parent idref="t8560179" prototyperef="HopObject"/>
      <bgcolor>6a3a09</bgcolor>
      <copyright>(C) 2018 NeonWilderness</copyright>
      <orientation>2c_left_right</orientation>
      <textfont>Georgia, Arial, Helvetica, sans-serif</textfont>
      <titlefont>Georgia, Arial, Helvetica, sans-serif</titlefont>
      <textsize>11px</textsize>
      <titlesize>14px</titlesize>
      <vlinkcolor>bf6000</vlinkcolor>
      <smallcolor>6a6a6a</smallcolor>
      <titlecolor>95510c</titlecolor>
      <linkcolor>bf6000</linkcolor>
      <importantimages></importantimages>
      <email>neonwilderness@ymail.com</email>
      <allowedorientations>2c_center_left;2c_full_left;2c_left_left;2c_center_right;2c_full_right;2c_left_right;3c_full</allowedorientations>
      <alinkcolor>bf6000</alinkcolor>
      <linecolor>d5d5d5</linecolor>
      <blockcolor>ffffff</blockcolor>
      <smallfont>Georgia, Arial, Helvetica, sans-serif</smallfont>
      <smallsize>10px</smallsize>
      <textcolor>6a6a6a</textcolor>
    </preferences>
    <createtime type="date">19.02.2019 19:26:53 CET</createtime>
    <title>AlienInsideTwoday</title>
    <exporttime type="date">28.02.2019 17:35:13 CET</exporttime>
    <locale>de</locale>
    <modifytime type="date">28.02.2019 17:34:44 CET</modifytime>
    <description></description>
  </hopobject>
</xmlroot>
