<?xml version="1.0" encoding="UTF-8"?>
<?xml-stylesheet type="text/xsl" href="helma.xsl"?>
<xmlroot xmlns:hop="http://www.helma.org/docs/guide/features/database">
  <hopobject id="t47047309" name="HopObject" prototype="HopObject" created="1669044901730" lastModified="1669044901730">
    <exporter>NeonWilderness</exporter>
    <modifier>NeonWilderness</modifier>
    <creator>NeonWilderness</creator>
    <fullexport type="boolean">false</fullexport>
    <alias>alien</alias>
    <preferences id="t47047310" name="preferences" prototype="HopObject" created="1669044901730" lastModified="1669044901730">
    <hop:parent idref="t47047309" prototyperef="HopObject"/>
      <bgcolor>6a3a09</bgcolor>
      <copyright>(c) 2018 - 2020 NeonWilderness</copyright>
      <orientation>2c_left_right</orientation>
      <textfont>Georgia, Arial, Helvetica, sans-serif</textfont>
      <titlefont>Georgia, Arial, Helvetica, sans-serif</titlefont>
      <textsize>11px</textsize>
      <titlesize>14px</titlesize>
      <vlinkcolor>bf6000</vlinkcolor>
      <smallcolor>6a6a6a</smallcolor>
      <titlecolor>95510c</titlecolor>
      <linkcolor>bf6000</linkcolor>
      <importantimages></importantimages>
      <email>neonwilderness@ymail.com</email>
      <allowedorientations>2c_center_left;2c_full_left;2c_left_left;2c_center_right;2c_full_right;2c_left_right;3c_full</allowedorientations>
      <alinkcolor>bf6000</alinkcolor>
      <linecolor>d5d5d5</linecolor>
      <smallfont>Georgia, Arial, Helvetica, sans-serif</smallfont>
      <blockcolor>ffffff</blockcolor>
      <smallsize>10px</smallsize>
      <textcolor>6a6a6a</textcolor>
    </preferences>
    <createtime type="date">19.02.2019 19:26:53 CET</createtime>
    <title>AlienInsideTwoday</title>
    <exporttime type="date">21.11.2022 16:35:01 CET</exporttime>
    <locale>de</locale>
    <modifytime type="date">21.11.2022 16:34:10 CET</modifytime>
    <description></description>
  </hopobject>
</xmlroot>
