<?xml version="1.0" encoding="UTF-8"?>
<?xml-stylesheet type="text/xsl" href="helma.xsl"?>
<xmlroot xmlns:hop="http://www.helma.org/docs/guide/features/database">
  <hopobject id="t1418394572" name="HopObject" prototype="HopObject" created="1529599855081" lastModified="1529599855082">
    <exporter>NeonWilderness</exporter>
    <modifier>NeonWilderness</modifier>
    <creator>NeonWilderness</creator>
    <fullexport type="boolean">false</fullexport>
    <alias>alien</alias>
    <preferences id="t1418394573" name="preferences" prototype="HopObject" created="1529599819131" lastModified="1529599819131">
    <hop:parent idref="t1418394572" prototyperef="HopObject"/>
      <bgcolor>6a3a09</bgcolor>
      <copyright>(C) 2018 NeonWilderness</copyright>
      <orientation>2c_left_right</orientation>
      <textfont>Georgia, Arial, Helvetica, sans-serif</textfont>
      <titlefont>Georgia, Arial, Helvetica, sans-serif</titlefont>
      <textsize>11px</textsize>
      <titlesize>14px</titlesize>
      <vlinkcolor>bf6000</vlinkcolor>
      <smallcolor>6a6a6a</smallcolor>
      <titlecolor>95510c</titlecolor>
      <linkcolor>bf6000</linkcolor>
      <importantimages></importantimages>
      <email>neonwilderness@ymail.com</email>
      <allowedorientations>2c_center_left;2c_full_left;2c_left_left;2c_center_right;2c_full_right;2c_left_right;3c_full</allowedorientations>
      <alinkcolor>bf6000</alinkcolor>
      <linecolor>d5d5d5</linecolor>
      <blockcolor>ffffff</blockcolor>
      <smallfont>Georgia, Arial, Helvetica, sans-serif</smallfont>
      <smallsize>10px</smallsize>
      <textcolor>6a6a6a</textcolor>
    </preferences>
    <createtime type="date">13.06.2018 13:39:52 CEST</createtime>
    <exporttime type="date">21.06.2018 18:50:55 CEST</exporttime>
    <title>AlienInsideTwoday</title>
    <locale>de</locale>
    <modifytime type="date">21.06.2018 18:50:10 CEST</modifytime>
    <parent>headerf100prozent</parent>
    <description></description>
  </hopobject>
</xmlroot>
