<?xml version="1.0" encoding="UTF-8"?>
<?xml-stylesheet type="text/xsl" href="helma.xsl"?>
<xmlroot xmlns:hop="http://www.helma.org/docs/guide/features/database">
  <hopobject id="t96098795" name="HopObject" prototype="HopObject" created="1628603708498" lastModified="1628603708499">
    <thumbnail id="t96098796" name="thumbnail" prototype="HopObject" created="1628603708499" lastModified="1628603708499">
    <hop:parent idref="t96098795" prototyperef="HopObject"/>
      <filename>alien_small.png</filename>
      <width type="float">100.0</width>
      <creator>NeonWilderness</creator>
      <alias>alien</alias>
      <createtime type="date">20.06.2018 16:26:39 CEST</createtime>
      <alttext>Alien</alttext>
      <exporttime type="date">10.08.2021 15:55:08 CEST</exporttime>
      <mimetype>image/png</mimetype>
      <height type="float">100.0</height>
      <filesize type="float">2356.0</filesize>
    </thumbnail>
    <filename>alien.png</filename>
    <width type="float">128.0</width>
    <creator>NeonWilderness</creator>
    <alias>alien</alias>
    <createtime type="date">20.06.2018 16:26:39 CEST</createtime>
    <alttext>Alien</alttext>
    <exporttime type="date">10.08.2021 15:55:08 CEST</exporttime>
    <mimetype>image/png</mimetype>
    <height type="float">128.0</height>
    <filesize type="float">5252.0</filesize>
  </hopobject>
</xmlroot>
