<?xml version="1.0" encoding="UTF-8"?>
<?xml-stylesheet type="text/xsl" href="helma.xsl"?>
<xmlroot xmlns:hop="http://www.helma.org/docs/guide/features/database">
  <hopobject id="t174817793" name="HopObject" prototype="HopObject" created="1597696381736" lastModified="1597696381736">
    <thumbnail id="t174817794" name="thumbnail" prototype="HopObject" created="1597696381736" lastModified="1597696381736">
    <hop:parent idref="t174817793" prototyperef="HopObject"/>
      <filename>alien_small.png</filename>
      <width type="float">100.0</width>
      <creator>NeonWilderness</creator>
      <alias>alien</alias>
      <createtime type="date">20.06.2018 16:26:39 CEST</createtime>
      <alttext>Alien</alttext>
      <exporttime type="date">17.08.2020 22:33:01 CEST</exporttime>
      <mimetype>image/png</mimetype>
      <height type="float">100.0</height>
      <filesize type="float">2356.0</filesize>
    </thumbnail>
    <filename>alien.png</filename>
    <width type="float">128.0</width>
    <creator>NeonWilderness</creator>
    <alias>alien</alias>
    <createtime type="date">20.06.2018 16:26:39 CEST</createtime>
    <alttext>Alien</alttext>
    <exporttime type="date">17.08.2020 22:33:01 CEST</exporttime>
    <mimetype>image/png</mimetype>
    <height type="float">128.0</height>
    <filesize type="float">5252.0</filesize>
  </hopobject>
</xmlroot>
