<?xml version="1.0" encoding="UTF-8"?>
<?xml-stylesheet type="text/xsl" href="helma.xsl"?>
<xmlroot xmlns:hop="http://www.helma.org/docs/guide/features/database">
  <hopobject id="t175114170" name="HopObject" prototype="HopObject" created="1608564533158" lastModified="1608564533158">
    <thumbnail id="t175114171" name="thumbnail" prototype="HopObject" created="1608564533158" lastModified="1608564533158">
    <hop:parent idref="t175114170" prototyperef="HopObject"/>
      <filename>noalien_small.jpg</filename>
      <width type="float">100.0</width>
      <modifier>NeonWilderness</modifier>
      <creator>NeonWilderness</creator>
      <alias>noalien</alias>
      <createtime type="date">16.06.2020 15:53:52 CEST</createtime>
      <alttext>Noalien</alttext>
      <exporttime type="date">21.12.2020 16:28:53 CET</exporttime>
      <mimetype>image/jpeg</mimetype>
      <modifytime type="date">16.06.2020 15:55:03 CEST</modifytime>
      <height type="float">33.0</height>
      <filesize type="float">1195.0</filesize>
    </thumbnail>
    <filename>noalien.jpg</filename>
    <width type="float">1400.0</width>
    <modifier>NeonWilderness</modifier>
    <creator>NeonWilderness</creator>
    <alias>noalien</alias>
    <createtime type="date">16.06.2020 15:53:52 CEST</createtime>
    <alttext>Noalien</alttext>
    <exporttime type="date">21.12.2020 16:28:53 CET</exporttime>
    <mimetype>image/jpeg</mimetype>
    <modifytime type="date">16.06.2020 15:55:03 CEST</modifytime>
    <height type="float">457.0</height>
    <filesize type="float">50573.0</filesize>
  </hopobject>
</xmlroot>
